<?xml version="1.0" encoding="UTF-8"?>
<addon
    id="skin.eminenze"
    version="0.0.1"
    name="Eminenze"
    provider-name="jurialmunkey, modded by [COLOR FF8ABEE2]Open[/COLOR][COLOR FF757677]ELEQ[/COLOR]">
    <requires>
        <import addon="xbmc.gui" version="5.3.0"/>
        <import addon="script.skinshortcuts" version="0.6.0"/>
        <import addon="script.skin.helper.service" version="0.0.1"/>
        <import addon="script.extendedinfo" version="3.0.0"/>
        <import addon="script.image.resource.select" version="0.0.5" optional="true"/>
        <import addon="plugin.program.autocompletion" version="1.0.1" optional="true"/>
    </requires>
    <extension point="xbmc.gui.skin" defaultthemename="Textures.xbt" effectslowdown="1.00" debugging="false">
        <res width="1920" height="1080" aspect="16:9" default="true" folder="16x9" />
    </extension>
    <extension point="xbmc.addon.metadata">
        <platform>all</platform>
        <summary lang="en">Clean, clear, simple, modern.</summary>
        <disclaimer lang="en">Mouse and Touch device not supported</disclaimer>
        <description lang="en">Eminence is a skin that aims to be clean, clear, simple and modern.</description>
    </extension>
</addon>
