<?xml version="1.0" encoding="UTF-8" standalone="yes"?>
<addon id="repository.eqsperimental"
		name="[COLOR FF8ABEE2]Q[/COLOR]'s Eqsperimental Repository"
		version="0.0.1"
		provider-name="[COLOR FF8ABEE2]Open[/COLOR][COLOR FF757677]ELEQ[/COLOR]">
	<extension point="xbmc.addon.repository"
		name="[COLOR FF8ABEE2]Q[/COLOR]'s Eqsperimental Add-on Repository">
		<dir>
			<info compressed="false">https://github.com/OpenELEQ/repository.eqsperimental/raw/master/openeleq-addons.xml</info>
			<checksum>https://github.com/OpenELEQ/repository.eqsperimental/raw/master/openeleq-addons.xml.md5</checksum>
			<datadir zip="true">https://raw.github.com/OpenELEQ/repository.eqsperimental/master/zips/</datadir>
		</dir>
	</extension>
	<extension point="xbmc.addon.metadata">
		<summary lang="en">[COLOR FF8ABEE2]Q[/COLOR]'s Eqsperimental Add-on Repository</summary>
		<summary lang="nl">[COLOR FF8ABEE2]Q[/COLOR]'s Eqsperimentele Addon Depot</summary>
		<description lang="en">DO NOT INSTALL!!! This is my personal testing repository. I can and will do whatever I want with it. Most stuff in here can and will overwrite allready installed addons or possibly even bork your setup entirely.</description>
		<description lang="nl">NIET INSTALLEREN!!! Dit is mijn persoonlijke test depot. Ik kan hiermee doen en laten wat ik wil. De meeste dingen in dit depot kunnen en zullen reeds geinstalleerde addons overschrijven en mogelijk zelfs je hele setup verknallen.</description>
		<disclaimer lang="en">[COLOR FF8ABEE2]Open[/COLOR][COLOR FF757677]ELEQ[/COLOR] did not make all the add-ons in this repository and is in no way responsible for their content.</disclaimer>
		<disclaimer lang="nl">[COLOR FF8ABEE2]Open[/COLOR][COLOR FF757677]ELEQ[/COLOR] heeft niet alle add-ons in dit depot gemaakt en is ook op geen enkele manier verantwoordelijk voor hun inhoud.</disclaimer>
		<platform>all</platform>
	</extension>
</addon>